{
	"format_version": "1.8.0",
	"animations": {
		"animation.weapon.undying.skill1": {
			"animation_length": 2,
			"bones": {
				"root": {
					"position": {
						"0.0": [0, 0, 0],
						"0.25": [-0.93, 0, 3.9],
						"0.5": [-1.03, 0, 3.9],
						"0.5833": [0.97, 0, -2.1],
						"1.2083": [0.97, 0, -2.1],
						"1.4167": [0, 0, 0]
					}
				},
				"waist": {
					"rotation": {
						"0.0": [0, 0, 0],
						"0.25": [5, 50, 0],
						"0.5": [17.09884, 69.61261, 8.00779],
						"0.5833": [12.02326, 1.56092, 4.93466],
						"0.875": [12.22985, -10.6633, 2.30113],
						"1.2083": [12.34194, -13.10276, 1.75642],
						"1.5417": [0, -5, 0],
						"1.875": [0, 7.5, 0],
						"2.0": [0, 0, 0]
					}
				},
				"leftArm": {
					"rotation": {
						"0.0": [0, 0, 0],
						"0.25": [1.70338, 9.54085, 80.81712],
						"0.5": [1.7, 9.54, 80.82],
						"0.5417": [0.87, 9.54, 80.82],
						"0.5833": [-58.3, 9.54, 80.82],
						"0.875": [-60.25323, 13.78227, 83.52282],
						"1.2083": [-60.25, 13.78, 83.52],
						"1.4167": [-10.10199, 8.98855, -6.50454],
						"1.5417": [12.5, 0, -5],
						"1.875": [-5, 0, -5],
						"2.0": [0, 0, 0]
					},
					"position": {
						"0.0": [0, 0, 0],
						"0.25": [-4, -1, -5],
						"0.5": [-5, -1, -5],
						"0.5417": [-6.67, -1, -5],
						"0.5833": [-3, 0, -5],
						"0.875": [-3, 0, -5],
						"1.2083": [-3, 0, -5],
						"1.4167": [0.5, -2, 0.5],
						"1.5417": [0, 0, 0],
						"1.875": [0, 0, 0],
						"2.0": [0, 0, 0]
					}
				},
				"rightArm": {
					"rotation": {
						"0.0": [0, 0, 0],
						"0.25": [-27.36695, 0.97198, 78.72463],
						"0.5": [-32.37, 0.97, 78.72],
						"0.5417": [-17.37, 0.97, 78.72],
						"0.5833": [-92.02183, 8.5599, 80.9333],
						"0.875": [-81.95983, 11.03562, 81.2835],
						"1.2083": [-86.96, 11.04, 81.28],
						"1.5417": [-116.51452, -4.61355, 89.14119],
						"1.875": [32.23215, 18.04952, 50.13111],
						"2.0": [0, 0, 0]
					},
					"position": {
						"0.0": [0, 0, 0],
						"0.25": [0, -2, 2],
						"0.5": [0, -2, 2],
						"0.5417": [0, -2, 1.33],
						"0.5833": [0, -1, -4],
						"0.875": [0, -1, -4],
						"1.2083": [0, -1, -4],
						"1.5417": [2, -2, -4],
						"1.875": [0, -1, 2],
						"2.0": [0, 0, 0]
					}
				},
				"rightItem": {
					"rotation": {
						"0.0": [0, 0, 0],
						"0.25": [-12.5, 0, 0],
						"0.5": [-7.5, 0, 0],
						"0.5833": [77.5, 0, 0],
						"0.875": [87.5, 0, 0],
						"1.2083": [87.5, 0, 0],
						"1.5417": [27.5, 0, 0],
						"1.875": [27.5, 0, 0],
						"2.0": [0, 0, 0]
					},
					"position": {
						"0.0": [0, 0, 0],
						"0.5": [0, 0, 0],
						"0.5833": [0, 0, -2],
						"1.2083": [0, 0, -2],
						"1.5417": [0, 0, 0]
					}
				},
				"leftLeg": {
					"rotation": {
						"0.0": [0, 0, 0],
						"0.25": [-4.87887, 2.01112, -6.86526],
						"0.5": [-5.0361, 1.5776, -11.85372],
						"0.5833": [0.41991, 2.63231, 0.61426],
						"0.875": [0.42, 2.63, 0.61],
						"1.2083": [0.42, 2.63, 0.61],
						"1.4167": [12.92, 2.63, 0.61],
						"1.5417": [0, 0, 0]
					},
					"position": {
						"0.0": [0, 0, 0],
						"0.25": [0, 0, -3],
						"0.5": [-0.6, -0.3, -3],
						"0.5833": [0.5, -0.3, -3],
						"0.875": [0.5, -0.3, -3],
						"1.2083": [0.5, -0.3, -3],
						"1.4167": [0.5, 0.7, -3],
						"1.5417": [0, 0, 0]
					}
				},
				"rightLeg": {
					"rotation": {
						"0.0": [0, 0, 0],
						"0.25": [11.57881, 56.7385, 13.76772],
						"0.5": [21.97622, 79.09969, 24.59616],
						"0.5833": [11.56276, -2.61815, 2.79378],
						"0.875": [11.56, -2.62, 2.79],
						"1.2083": [11.56, -2.62, 2.79],
						"1.4167": [0, 0, 0]
					},
					"position": {
						"0.0": [0, 0, 0],
						"0.25": [0, 0, 1],
						"0.5": [0, 0, 1.4],
						"0.5833": [0, 0, 0],
						"0.875": [0, 0, 0],
						"1.2083": [0, 0, 0],
						"1.4167": [0, 0, 0]
					}
				}
			}
		},
		"animation.weapon.undying.skill2": {
			"animation_length": 2,
			"bones": {
				"root": {
					"position": {
						"0.0": [0, 0, 0],
						"0.375": [0, 0, -1],
						"0.6667": [0, 0, 0.9],
						"0.7917": [-0.8, 0, 3.5],
						"0.875": [-0.8, 0, 2.1],
						"1.25": [-0.8, 0, 2.1],
						"1.5833": [0, 0, 1.1],
						"1.8333": [0, 0, 0]
					}
				},
				"waist": {
					"rotation": {
						"0.0": [0, 0, 0],
						"0.375": [0, 27.5, 0],
						"0.6667": [0, 37.5, 0],
						"0.7917": [11.72603, 47.3228, 2.54954],
						"0.875": [7.5, -30, 0],
						"1.25": [7.92745, -34.95485, -0.79529],
						"1.5833": [7.1697, -25.03604, 0.71516],
						"1.8333": [0, 10, 0],
						"2.0": [0, 0, 0]
					}
				},
				"leftArm": {
					"rotation": {
						"0.0": [0, 0, 0],
						"0.375": [-159.01132, 43.09258, -118.72208],
						"0.6667": [-195.72143, 2.7895, -100.69899],
						"0.7917": [-203.31211, 1.80236, -102.99852],
						"0.8333": [-177.28966, -5.67835, -78.64841],
						"0.875": [-39.74808, 41.10055, -26.37695],
						"1.25": [-35.39289, 42.49185, -23.59406],
						"1.5833": [-2.68679, 23.2034, -9.63667],
						"1.8333": [0, 0, 0]
					},
					"position": {
						"0.0": [0, 0, 0],
						"0.375": [-3, -3, -2],
						"0.6667": [-6, -3, -5],
						"0.7917": [-6, -3, -5],
						"0.8333": [-6, -3, -6],
						"0.875": [-1, -1, 1],
						"1.25": [-1, -1, 1],
						"1.5833": [-1, -1, 1],
						"1.8333": [0, 0, 0]
					}
				},
				"rightArm": {
					"rotation": {
						"0.0": [0, 0, 0],
						"0.375": [-150.84604, 32.41052, -133.85585],
						"0.6667": [-196.99955, -2.39309, -106.52852],
						"0.7917": [-199.5, -2.39, -106.53],
						"0.8333": [-148.641, -6.63938, -81.42579],
						"0.875": [-31.33441, 25.94366, -49.75296],
						"1.25": [-26.33, 25.94, -49.75],
						"1.4167": [-46.41914, -27.48408, 10.6467],
						"1.5833": [-32.75515, -4.82559, 38.08297],
						"1.8333": [13.73231, 6.63586, 29.84849],
						"2.0": [0, 0, 0]
					},
					"position": {
						"0.0": [0, 0, 0],
						"0.375": [0, -2, 0],
						"0.6667": [1, 0, 1],
						"0.7917": [1, 0, 1],
						"0.8333": [0, 0, 0.5],
						"0.875": [3, 0, -2],
						"1.25": [3, 0, -2],
						"1.5833": [2, -1, -1],
						"1.8333": [0, -2, 0],
						"2.0": [0, 0, 0]
					}
				},
				"rightItem": {
					"rotation": {
						"0.0": [0, 0, 0],
						"0.375": [27.5, 0, 0],
						"0.6667": [27.5, 0, 0],
						"0.7917": [27.5, 0, 0],
						"0.8333": [-15, 0, 0],
						"0.875": [27.5, 0, 0],
						"1.25": [27.5, 0, 0],
						"1.5833": [0, 0, 0]
					}
				},
				"leftLeg": {
					"rotation": {
						"0.0": [0, 0, 0],
						"0.375": [10, 0, 0],
						"0.6667": [0, 0, 0],
						"0.7917": [-2.4905, -0.21782, -4.99527],
						"0.875": [7.51, -0.22, -5],
						"1.25": [7.51, -0.22, -5],
						"1.5833": [0, 0, 0],
						"1.8333": [0, 0, 0]
					},
					"position": {
						"0.0": [0, 0, 0],
						"0.375": [0, 0, -1],
						"0.6667": [0, 0, -1],
						"0.7917": [0, 0, -3],
						"0.875": [0, 0, -4],
						"1.25": [0, 0, -4],
						"1.5833": [0, 0, -2],
						"1.8333": [0, 0, 0]
					}
				},
				"rightLeg": {
					"rotation": {
						"0.0": [0, 0, 0],
						"0.375": [2.75806, 24.97457, 1.16524],
						"0.6667": [2.75806, 24.97457, 1.16524],
						"0.7917": [45.68718, 72.39303, 44.31282],
						"0.875": [20.04901, -4.88271, -1.09056],
						"1.25": [20.05, -4.88, -1.09],
						"1.5833": [0, 0, 0],
						"1.8333": [0, 0, 0]
					},
					"position": {
						"0.0": [0, 0, 0],
						"0.375": [0, 0, 1],
						"0.6667": [0, 0, 1],
						"0.7917": [-1, 0, 2],
						"0.875": [0, 0, -2],
						"1.25": [0, 0, -2],
						"1.5833": [0, 0, -1],
						"1.8333": [0, 0, 0]
					}
				}
			}
		},
		"animation.weapon.undying.skill3": {
			"animation_length": 2,
			"bones": {
				"root": {
					"position": {
						"0.0": [0, 0, 0],
						"0.1667": [0, 0, 0],
						"0.375": [0, 0, 0],
						"0.4583": [0, 0, 3],
						"0.6667": [0, 0, 3],
						"1.2917": [0, 0, 3],
						"1.4583": [0, 0, 2],
						"1.625": [0, 0, 1.3],
						"1.8333": [0, 0, 0]
					}
				},
				"waist": {
					"rotation": {
						"0.0": [0, 0, 0],
						"0.375": [0, 0, 0],
						"0.4583": [37.58579, -1.06077, -3.37225],